{
  "flights": [
    {
      "id": "AN001",
      "flightCompany": "SpiceJet",
      "flightFrom": "Hyderabad",
      "flightTo": "Banglore",
      "flightRoute": "HYD-BGLR",
      "flightTime": "10:00",
      "ancillaryServices": [
        {
          "serviceId": 1000,
          "serviceName": "Extra 5kg Baggage",
          "serviceCost": 2500,
          "serviceDesc": "Extra baggage service will help you to manage your luggage"
        },
        {
          "serviceId": 1008,
          "serviceName": "Fast Forward",
          "serviceCost": 500,
          "serviceDesc": "Fast Forward Service will help you to check-in first and get your baggage on priority without waiting"
        },
        {
          "serviceId": 1010,
          "serviceName": "Seat Plus",
          "serviceCost": 250,
          "serviceDesc": "Seat Plus Service allows you to choose a window seat, aisle seat or seat with extra leg room"
        }
      ],
      "specialMeals": [
        {
          "mealId": 1,
          "mealName": "Vegetable Biryani",
          "mealCost": 250,
          "mealDesc": "Enjoy the healthy Veggie Biryani with Indian flavours and spices, that makes you want more...!"
        },
        {
          "mealId": 2,
          "mealName": "Chicken Biryani",
          "mealCost": 350,
          "mealDesc": "Enjoy the healthy Chicken Biryani with Indian flavours and spices, that makes you want more...!"
        },
        {
          "mealId": 3,
          "mealName": "Veg Noodles",
          "mealCost": 200,
          "mealDesc": "Tasty Noodles"
        },
        {
          "mealId": 2654,
          "mealName": "Chicken Noodles",
          "mealCost": 250,
          "mealDesc": "Tasty Noodles"
        },
        {
          "mealId": 2392,
          "mealName": "Veg Meal",
          "mealCost": 250,
          "mealDesc": "Tasty South Indian Veg Meals"
        },
        {
          "mealId": 2581,
          "mealName": "Non-Veg Meal",
          "mealCost": 300,
          "mealDesc": "Tasty South Indian Non-Veg Meals"
        },
        {
          "mealId": 2030,
          "mealName": "Baby Meal",
          "mealCost": 150,
          "mealDesc": "Baby Meal"
        }
      ],
      "inFlightShop": [
        {
          "purchaseId": 101,
          "purchaseItem": "Branded Bag",
          "purchaseCost": 3000,
          "purchaseDesc": "shop the luxury bags in flight @20% discount"
        },
        {
          "purchaseId": 100,
          "purchaseItem": "Luxury Watch",
          "purchaseCost": 5000,
          "purchaseDesc": "shop the luxury bags in flight @20% discount"
        },
        {
          "purchaseId": 1450,
          "purchaseItem": "Perfume ",
          "purchaseCost": 5000,
          "purchaseDesc": "Skinn by Titan Raw and Celeste Perfumes for Men and Women, 50ml (Pack of 2)"
        },
        {
          "purchaseId": 1527,
          "purchaseItem": "Gadgets",
          "purchaseCost": 5000,
          "purchaseDesc": "shop the Gadgets in flight @50% discount"
        }
      ]
    },
    {
      "id": "AN005",
      "flightCompany": "AirIndia",
      "flightFrom": "Hyderabad",
      "flightTo": "Vizag",
      "flightRoute": "HYD-VTZ",
      "flightTime": "04:00",
      "ancillaryServices": [
        {
          "serviceId": 1000,
          "serviceName": "Extra 5kg Baggage",
          "serviceCost": 2000,
          "serviceDesc": "Extra baggage will help you to manage the luggage"
        },
        {
          "serviceId": 1008,
          "serviceName": "Fast Forward",
          "serviceCost": 500,
          "serviceDesc": "Fast Forward Service will help you to check-in first and get your baggage on priority without waiting"
        },
        {
          "serviceId": 1010,
          "serviceName": "Seat Plus",
          "serviceCost": 250,
          "serviceDesc": "Seat Plus Service allows you to choose a window seat, aisle seat or seat with extra leg room"
        }
      ],
      "specialMeals": [
        {
          "mealId": 1,
          "mealName": "Vegetable Biryani",
          "mealCost": 250,
          "mealDesc": "Enjoy the healthy Veggie Biryani with Indian flavours and spices, that makes you want more...!"
        },
        {
          "mealId": 5,
          "mealName": "Chicken Biryani",
          "mealCost": 350,
          "mealDesc": "Enjoy the healthy Chicken Biryani with Indian flavours and spices, that makes you want more...!"
        },
        {
          "mealId": 2970,
          "mealName": "Veg Noodles",
          "mealCost": 200,
          "mealDesc": "Tasty Noodles"
        },
        {
          "mealId": 2785,
          "mealName": "Chicken Noodles",
          "mealCost": 250,
          "mealDesc": "Tasty Noodles"
        },
        {
          "mealId": 2913,
          "mealName": "Veg Meal",
          "mealCost": 200,
          "mealDesc": "Tasty South Indian Veg Meals"
        },
        {
          "mealId": 2978,
          "mealName": "Non-Veg Meal",
          "mealCost": 300,
          "mealDesc": "Tasty South Indian Non-Veg Meals"
        },
        {
          "mealId": 2187,
          "mealName": "Baby Meal",
          "mealCost": 150,
          "mealDesc": "Baby Meal"
        }
      ],
      "inFlightShop": [
        {
          "purchaseId": 100,
          "purchaseItem": "Luxury Watch",
          "purchaseCost": 5000,
          "purchaseDesc": "shop the luxury watches in flight @20% discount"
        },
        {
          "purchaseId": 105,
          "purchaseItem": "Branded Bag",
          "purchaseCost": 3000,
          "purchaseDesc": "shop the luxury bags in flight @20% discount"
        },
        {
          "purchaseId": 1254,
          "purchaseItem": "Perfume ",
          "purchaseCost": 5000,
          "purchaseDesc": "Skinn by Titan Raw and Celeste Perfumes for Men and Women, 50ml (Pack of 2)"
        },
        {
          "purchaseId": 1839,
          "purchaseItem": "Gadgets",
          "purchaseCost": 5000,
          "purchaseDesc": "shop the Gadgets in flight @50% discount"
        }
      ]
    },
    {
      "id": "AN002",
      "flightCompany": "Vistara",
      "flightFrom": "Hyderabad",
      "flightTo": "Pune",
      "flightRoute": "HYD-PUN",
      "flightTime": "12:00",
      "ancillaryServices": [
        {
          "serviceId": 1000,
          "serviceName": "Extra 5kg Baggage",
          "serviceCost": 2000,
          "serviceDesc": "Extra baggage will help you to manage the luggage"
        },
        {
          "serviceId": 1005,
          "serviceName": "Fast Forward",
          "serviceCost": 500,
          "serviceDesc": "Fast Forward Service will help you to check-in first and get your baggage on priority without waiting"
        },
        {
          "serviceId": 1007,
          "serviceName": "Seat Plus",
          "serviceCost": 250,
          "serviceDesc": "Seat Plus Service allows you to choose a window seat, aisle seat or seat with extra leg room"
        }
      ],
      "specialMeals": [
        {
          "mealId": 1,
          "mealName": "Vegetable Biryani",
          "mealCost": 250,
          "mealDesc": "Enjoy the healthy Veggie Biryani with Indian flavours and spices, that makes you want more...!"
        },
        {
          "mealId": 4,
          "mealName": "Chicken Biryani",
          "mealCost": 350,
          "mealDesc": "Enjoy the healthy Chicken Biryani with Indian flavours and spices, that makes you want more...!"
        },
        {
          "mealId": 2870,
          "mealName": "Veg Noodles",
          "mealCost": 200,
          "mealDesc": "Tasty Noodles"
        },
        {
          "mealId": 2859,
          "mealName": "Chicken Noodles",
          "mealCost": 250,
          "mealDesc": "Tasty Noodles"
        },
        {
          "mealId": 2103,
          "mealName": "Veg Meal",
          "mealCost": 200,
          "mealDesc": "Tasty South Indian Veg Meals"
        },
        {
          "mealId": 2080,
          "mealName": "Non-Veg Meal",
          "mealCost": 300,
          "mealDesc": "Tasty South Indian Non-Veg Meals"
        },
        {
          "mealId": 2094,
          "mealName": "Baby Meal",
          "mealCost": 150,
          "mealDesc": "Baby Meal"
        }
      ],
      "inFlightShop": [
        {
          "purchaseId": 176,
          "purchaseItem": "Luxury Watch",
          "purchaseCost": 5000,
          "purchaseDesc": "shop the luxury watches in flight @20% discount"
        },
        {
          "purchaseId": 103,
          "purchaseItem": "Branded Bag",
          "purchaseCost": 3000,
          "purchaseDesc": "shop the luxury bags in flight @20% discount"
        },
        {
          "purchaseId": 1467,
          "purchaseItem": "Perfume ",
          "purchaseCost": 5000,
          "purchaseDesc": "Skinn by Titan Raw and Celeste Perfumes for Men and Women, 50ml (Pack of 2)"
        },
        {
          "purchaseId": 1675,
          "purchaseItem": "Gadgets",
          "purchaseCost": 5000,
          "purchaseDesc": "shop the Gadgets in flight @50% discount"
        }
      ]
    },
    {
      "id": "AN003",
      "flightCompany": "Indigo",
      "flightFrom": "Hyderabad",
      "flightTo": "Bhubaneswar",
      "flightRoute": "HYD-BBSR",
      "flightTime": "14:00",
      "ancillaryServices": [
        {
          "serviceId": 1078,
          "serviceName": "Extra 5kg Baggage",
          "serviceCost": 2000,
          "serviceDesc": "Extra baggage will help you to manage the luggage"
        },
        {
          "serviceId": 1089,
          "serviceName": "Fast Forward",
          "serviceCost": 700,
          "serviceDesc": "Fast Forward Service will help you to check-in first and get your baggage on priority without waiting"
        },
        {
          "serviceId": 1065,
          "serviceName": "Seat Plus",
          "serviceCost": 250,
          "serviceDesc": "Seat Plus Service allows you to choose a window seat, aisle seat or seat with extra leg room"
        }
      ],
      "specialMeals": [
        {
          "mealId": 1,
          "mealName": "Vegetable Biryani",
          "mealCost": 250,
          "mealDesc": "Enjoy the healthy Veggie Biryani with Indian flavours and spices, that makes you want more...!"
        },
        {
          "mealId": 13,
          "mealName": "Chicken Biryani",
          "mealCost": 350,
          "mealDesc": "Enjoy the healthy Chicken Biryani with Indian flavours and spices, that makes you want more...!"
        },
        {
          "mealId": 2394,
          "mealName": "Veg Noodles",
          "mealCost": 200,
          "mealDesc": "Tasty Noodles"
        },
        {
          "mealId": 2315,
          "mealName": "Chicken Noodles",
          "mealCost": 250,
          "mealDesc": "Tasty Noodles"
        },
        {
          "mealId": 2964,
          "mealName": "Veg Meal",
          "mealCost": 200,
          "mealDesc": "Tasty South Indian Veg Meals"
        },
        {
          "mealId": 2662,
          "mealName": "Non-Veg Meal",
          "mealCost": 300,
          "mealDesc": "Tasty South Indian Non-Veg Meals"
        },
        {
          "mealId": 2338,
          "mealName": "Baby Meal",
          "mealCost": 150,
          "mealDesc": "Baby Meal"
        }
      ],
      "inFlightShop": [
        {
          "purchaseId": 156,
          "purchaseItem": "Luxury Watch",
          "purchaseCost": 5000,
          "purchaseDesc": "shop the luxury watches in flight @20% discount"
        },
        {
          "purchaseId": 104,
          "purchaseItem": "Branded Bag",
          "purchaseCost": 3000,
          "purchaseDesc": "shop the luxury bags in flight @20% discount"
        },
        {
          "purchaseId": 1295,
          "purchaseItem": "Perfume ",
          "purchaseCost": 5000,
          "purchaseDesc": "Skinn by Titan Raw and Celeste Perfumes for Men and Women, 50ml (Pack of 2)"
        },
        {
          "purchaseId": 1419,
          "purchaseItem": "Gadgets",
          "purchaseCost": 5000,
          "purchaseDesc": "shop the Gadgets in flight @50% discount"
        }
      ]
    },
    {
      "id": "AN004",
      "flightCompany": "SpiceJet",
      "flightFrom": "Hyderabad",
      "flightTo": "Mumbai",
      "flightRoute": "HYD-MUM",
      "flightTime": "16:00",
      "ancillaryServices": [
        {
          "serviceId": 1000,
          "serviceName": "Extra 5kg Baggage",
          "serviceCost": 2000,
          "serviceDesc": "Extra baggage will help you to manage the luggage"
        },
        {
          "serviceId": 1008,
          "serviceName": "Fast Forward",
          "serviceCost": 500,
          "serviceDesc": "Fast Forward Service will help you to check-in first and get your baggage on priority without waiting"
        },
        {
          "serviceId": 1010,
          "serviceName": "Seat Plus",
          "serviceCost": 250,
          "serviceDesc": "Seat Plus Service allows you to choose a window seat, aisle seat or seat with extra leg room"
        }
      ],
      "specialMeals": [
        {
          "mealId": 1,
          "mealName": "Vegetable Biryani",
          "mealCost": 250,
          "mealDesc": "Enjoy the healthy Veggie Biryani with Indian flavours and spices, that makes you want more...!"
        },
        {
          "mealId": 2858,
          "mealName": "Chicken Biryani",
          "mealCost": 350,
          "mealDesc": "Enjoy the healthy Chicken Biryani with Indian flavours and spices, that makes you want more...!"
        },
        {
          "mealId": 2565,
          "mealName": "Veg Noodles",
          "mealCost": 200,
          "mealDesc": "Tasty Noodles"
        },
        {
          "mealId": 2928,
          "mealName": "Chicken Noodles",
          "mealCost": 250,
          "mealDesc": "Tasty Noodles"
        },
        {
          "mealId": 2958,
          "mealName": "Veg Meal",
          "mealCost": 200,
          "mealDesc": "Tasty South Indian Veg Meals"
        },
        {
          "mealId": 2413,
          "mealName": "Non-Veg Meal",
          "mealCost": 300,
          "mealDesc": "Tasty South Indian Non-Veg Meals"
        },
        {
          "mealId": 2027,
          "mealName": "Baby Meal",
          "mealCost": 150,
          "mealDesc": "Baby Meal"
        }
      ],
      "inFlightShop": [
        {
          "purchaseId": 100,
          "purchaseItem": "Luxury Watch",
          "purchaseCost": 5000,
          "purchaseDesc": "shop the luxury watches in flight @20% discount"
        },
        {
          "purchaseId": 101,
          "purchaseItem": "Branded Bag",
          "purchaseCost": 3000,
          "purchaseDesc": "shop the luxury bags in flight @20% discount"
        },
        {
          "purchaseId": 1887,
          "purchaseItem": "Perfume ",
          "purchaseCost": 5000,
          "purchaseDesc": "Skinn by Titan Raw and Celeste Perfumes for Men and Women, 50ml (Pack of 2)"
        },
        {
          "purchaseId": 1762,
          "purchaseItem": "Gadgets",
          "purchaseCost": 5000,
          "purchaseDesc": "shop the Gadgets in flight @50% discount"
        }
      ]
    },
    {
      "id": "AN006",
      "flightCompany": "GoAir",
      "flightFrom": "Hyderabad",
      "flightTo": "Vijayawada",
      "flightRoute": "HYD-VGA",
      "flightTime": "16:00",
      "ancillaryServices": [
        {
          "serviceId": 1000,
          "serviceName": "Extra 5kg Baggage",
          "serviceCost": 2000,
          "serviceDesc": "Extra baggage will help you to manage the luggage"
        },
        {
          "serviceId": 1068,
          "serviceName": "Seat Plus",
          "serviceCost": 250,
          "serviceDesc": "Seat Plus Service allows you to choose a window seat, aisle seat or seat with extra leg room"
        },
        {
          "serviceId": 1008,
          "serviceName": "Fast Forward",
          "serviceCost": 500,
          "serviceDesc": "Fast Forward Service will help you to check-in first and get your baggage on priority without waiting"
        }
      ],
      "specialMeals": [
        {
          "mealId": 1,
          "mealName": "Vegetable Biryani",
          "mealCost": 250,
          "mealDesc": "Enjoy the healthy Veggie Biryani with Indian flavours and spices, that makes you want more...!"
        },
        {
          "mealId": 2025,
          "mealName": "Chicken Biryani",
          "mealCost": 350,
          "mealDesc": "Enjoy the healthy Chicken Biryani with Indian flavours and spices, that makes you want more...!"
        },
        {
          "mealId": 2015,
          "mealName": "Veg Noodles",
          "mealCost": 200,
          "mealDesc": "Tasty Noodles"
        },
        {
          "mealId": 2226,
          "mealName": "Chicken Noodles",
          "mealCost": 250,
          "mealDesc": "Tasty Noodles"
        },
        {
          "mealId": 2703,
          "mealName": "Veg Meal",
          "mealCost": 200,
          "mealDesc": "Tasty South Indian Veg Meals"
        },
        {
          "mealId": 2519,
          "mealName": "Non-Veg Meal",
          "mealCost": 300,
          "mealDesc": "Tasty South Indian Non-Veg Meals"
        },
        {
          "mealId": 2764,
          "mealName": "Baby Meal",
          "mealCost": 150,
          "mealDesc": "Baby Meal"
        }
      ],
      "inFlightShop": [
        {
          "purchaseId": 100,
          "purchaseItem": "Luxury Watch",
          "purchaseCost": 5000,
          "purchaseDesc": "shop the luxury watches in flight @20% discount"
        },
        {
          "purchaseId": 101,
          "purchaseItem": "Branded Bag",
          "purchaseCost": 3000,
          "purchaseDesc": "shop the luxury bags in flight @20% discount"
        },
        {
          "purchaseId": 1658,
          "purchaseItem": "Perfume ",
          "purchaseCost": 5000,
          "purchaseDesc": "Skinn by Titan Raw and Celeste Perfumes for Men and Women, 50ml (Pack of 2)"
        },
        {
          "purchaseId": 1463,
          "purchaseItem": "Gadgets",
          "purchaseCost": 5000,
          "purchaseDesc": "shop the Gadgets in flight @50% discount"
        }
      ]
    }
  ],
  "passengers": [
    {
      "id": 10112,
      "flightId": "AN001",
      "name": "Amy",
      "passport": "PAS00499",
      "age": 32,
      "gender": "female",
      "dateOfBirth": "1990-05-25",
      "address": "Mumbai",
      "specialMeals": [
        "Chicken Noodles"
      ],
      "infants": false,
      "wheelchair": true,
      "ancillaryServices": [
        "Extra 5kg Baggage",
        "Fast Forward"
      ],
      "shopInFlight": [
        "Luxury Watch"
      ],
      "seatNumber": [
        "4D"
      ],
      "isCheckedIn": true
    },
    {
      "id": 10013,
      "flightId": "AN001",
      "name": "Sravani Mallarapu",
      "passport": "PAS12345",
      "age": 20,
      "gender": "female",
      "dateOfBirth": "2000-05-18",
      "address": "Chirala",
      "specialMeals": [
        "Chicken Biryani"
      ],
      "infants": false,
      "wheelchair": false,
      "ancillaryServices": [
        "Seat Plus"
      ],
      "shopInFlight": [],
      "seatNumber": [
        "2D"
      ],
      "isCheckedIn": true
    },
    {
      "id": 10014,
      "flightId": "AN001",
      "name": "Surekha",
      "passport": "PAS91640",
      "age": 20,
      "gender": "female",
      "dateOfBirth": "2000-05-18",
      "address": "Chirala",
      "specialMeals": [
        "Tasty Noodles"
      ],
      "infants": false,
      "wheelchair": false,
      "ancillaryServices": [
        "Extra 5kg Baggage"
      ],
      "shopInFlight": [],
      "seatNumber": [],
      "isCheckedIn": false
    },
    {
      "id": 10011,
      "flightId": "AN001",
      "name": "Shailaja Badiger",
      "passport": "PAS09099",
      "age": 25,
      "gender": "female",
      "dateOfBirth": "1996-07-09",
      "address": "Raichur",
      "specialMeals": [],
      "infants": false,
      "wheelchair": true,
      "ancillaryServices": [],
      "shopInFlight": [],
      "seatNumber": [
        "3E"
      ],
      "isCheckedIn": true
    },
    {
      "id": 10056,
      "flightId": "AN001",
      "name": "Susmitha Kopalli",
      "passport": "PAS91913",
      "age": 25,
      "gender": "female",
      "dateOfBirth": "1995-05-21",
      "address": "Banglore",
      "specialMeals": [
        "Vegetable Biryani"
      ],
      "infants": true,
      "wheelchair": false,
      "ancillaryServices": [
        "Fast Forward"
      ],
      "shopInFlight": [
        "Luxury Watch"
      ],
      "seatNumber": [
        "2F"
      ],
      "isCheckedIn": true
    },
    {
      "id": 10001,
      "flightId": "AN002",
      "name": "vijay Kumar",
      "passport": "PAS34562",
      "age": 25,
      "gender": "male",
      "dateOfBirth": "1995-05-21",
      "address": "Mumbai",
      "specialMeals": [
        "Chicken Biryani"
      ],
      "infants": false,
      "wheelchair": false,
      "ancillaryServices": [
        "Extra 5kg Baggage"
      ],
      "shopInFlight": [
        "Branded Bag"
      ],
      "seatNumber": [
        "1D"
      ],
      "isCheckedIn": true
    },
    {
      "id": 10002,
      "flightId": "AN002",
      "name": "Tulasi",
      "passport": "PAS09786",
      "age": 26,
      "gender": "female",
      "dateOfBirth": "1996-04-19",
      "address": "Bhubaneswar",
      "specialMeals": [],
      "infants": false,
      "wheelchair": true,
      "ancillaryServices": [],
      "shopInFlight": [],
      "seatNumber": [
        "1A"
      ],
      "isCheckedIn": true
    },
    {
      "id": 10003,
      "flightId": "AN002",
      "name": "Jyothi",
      "passport": "PAS02315",
      "age": 25,
      "gender": "female",
      "dateOfBirth": "1995-05-21",
      "address": "Banglore",
      "specialMeals": [],
      "infants": false,
      "wheelchair": false,
      "ancillaryServices": [],
      "shopInFlight": [],
      "seatNumber": [],
      "isCheckedIn": false
    },
    {
      "id": 10023,
      "flightId": "AN003",
      "name": "Tulasi Ram",
      "passport": "PAS50291",
      "age": 26,
      "gender": "male",
      "dateOfBirth": "1996-07-21",
      "address": "pune",
      "specialMeals": [
        "Non-Veg Meal"
      ],
      "infants": false,
      "wheelchair": true,
      "ancillaryServices": [
        "Extra 5kg Baggage"
      ],
      "shopInFlight": [
        "Branded Bag"
      ],
      "seatNumber": [
        "2B"
      ],
      "isCheckedIn": true
    },
    {
      "id": 10043,
      "flightId": "AN003",
      "name": "Harika",
      "passport": "PAS10923",
      "age": 23,
      "gender": "female",
      "dateOfBirth": "1997-07-13",
      "address": "Vizag",
      "specialMeals": [],
      "infants": false,
      "wheelchair": false,
      "ancillaryServices": [],
      "shopInFlight": [],
      "seatNumber": [
        "3B"
      ],
      "isCheckedIn": true
    },
    {
      "id": 10051,
      "flightId": "AN004",
      "name": "Hari Krishna",
      "passport": "PAS45678",
      "age": 35,
      "gender": "male",
      "dateOfBirth": "1985-07-26",
      "address": "Pune",
      "specialMeals": [
        "Chicken Noodles"
      ],
      "infants": false,
      "wheelchair": false,
      "ancillaryServices": [
        "Extra 5kg Baggage"
      ],
      "shopInFlight": [
        "Branded Bag"
      ],
      "seatNumber": [
        "3B"
      ],
      "isCheckedIn": true
    },
    {
      "id": 10021,
      "flightId": "AN004",
      "name": "Ramya Priya",
      "passport": "PAS06574",
      "gender": "female",
      "age": 28,
      "address": "Banglore",
      "dateOfBirth": "1992-07-01",
      "seatNumber": [],
      "ancillaryServices": [],
      "specialMeals": [],
      "infants": false,
      "wheelchair": false,
      "shopInFlight": [],
      "isCheckedIn": false
    },
    {
      "id": 10009,
      "flightId": "AN005",
      "name": "Chandini",
      "passport": "PAS491630",
      "age": 23,
      "gender": "female",
      "dateOfBirth": "1997-09-26",
      "address": "Mumbai",
      "specialMeals": [
        "Veg Noodles"
      ],
      "infants": true,
      "wheelchair": false,
      "ancillaryServices": [
        "Fast Forward"
      ],
      "shopInFlight": [],
      "seatNumber": [
        "1A"
      ],
      "isCheckedIn": true
    },
    {
      "id": 10022,
      "flightId": "AN005",
      "name": "Abhishek",
      "passport": "PAS19854",
      "age": 28,
      "gender": "male",
      "dateOfBirth": "1992-07-07",
      "address": "Bhubaneswar",
      "specialMeals": [
        "Veg Meal"
      ],
      "infants": false,
      "wheelchair": true,
      "ancillaryServices": [
        "Seat Plus"
      ],
      "shopInFlight": [
        "Perfume"
      ],
      "seatNumber": [
        "3B"
      ],
      "isCheckedIn": true
    },
    {
      "id": 10089,
      "flightId": "AN006",
      "name": "Abhinav Roy",
      "passport": "PAS51876",
      "age": 26,
      "gender": "male",
      "dateOfBirth": "1994-09-07",
      "address": "Mumbai",
      "specialMeals": [
        "Chicken Noodles"
      ],
      "infants": false,
      "wheelchair": true,
      "ancillaryServices": [
        "Extra 5kg Baggage"
      ],
      "shopInFlight": [
        "Perfume"
      ],
      "seatNumber": [
        "1D"
      ],
      "isCheckedIn": true
    },
    {
      "id": 10033,
      "flightId": "AN006",
      "name": "Pooja Madhav",
      "passport": "PAS06435",
      "age": 27,
      "gender": "female",
      "dateOfBirth": "1993-11-09",
      "address": "Banglore",
      "specialMeals": [],
      "infants": false,
      "wheelchair": false,
      "ancillaryServices": [],
      "shopInFlight": [],
      "seatNumber": [],
      "isCheckedIn": false
    },
    {
      "id": 18729,
      "flightId": "AN006",
      "name": "Ramya Mallarapu",
      "passport": "PAS08088",
      "age": 25,
      "gender": "male",
      "dateOfBirth": "1997-01-15",
      "address": "Chirala",
      "specialMeals": [],
      "infants": true,
      "wheelchair": false,
      "ancillaryServices": [
        "Seat Plus"
      ],
      "shopInFlight": [
        "Luxury Watch"
      ],
      "seatNumber": [
        "2C"
      ],
      "isCheckedIn": true
    },
    {
      "id": 13885,
      "flightId": "AN002",
      "name": "jimmy Chung",
      "passport": "PAS09090",
      "age": 35,
      "gender": "male",
      "dateOfBirth": "1985-07-15",
      "address": "Banglore",
      "specialMeals": [],
      "infants": true,
      "wheelchair": false,
      "ancillaryServices": [],
      "shopInFlight": [],
      "seatNumber": [
        "2E"
      ],
      "isCheckedIn": true
    },
    {
      "id": 10006,
      "flightId": "AN003",
      "name": "William Shakesphere",
      "passport": "PAS88990",
      "age": 35,
      "address": "Hyderabad",
      "dateOfBirth": "1987-09-06",
      "gender": "male",
      "isCheckedIn": false,
      "infants": false,
      "wheelchair": false,
      "specialMeals": [],
      "ancillaryServices": [],
      "shopInFlight": [],
      "seatNumber": []
    },
    {
      "id": 15798,
      "flightId": "AN003",
      "name": "James huges",
      "passport": "PAS10998",
      "age": 40,
      "gender": "male",
      "dateOfBirth": "1975-08-13",
      "address": "Delhi",
      "specialMeals": [],
      "infants": true,
      "wheelchair": false,
      "ancillaryServices": [],
      "shopInFlight": [],
      "seatNumber": [
        "1A"
      ],
      "isCheckedIn": true
    },
    {
      "id": 14656,
      "flightId": "AN003",
      "name": "max millian",
      "passport": "PAS09111",
      "age": 35,
      "gender": "male",
      "dateOfBirth": "",
      "address": "Banglore",
      "specialMeals": [
        "Veg Noodles"
      ],
      "infants": true,
      "wheelchair": false,
      "ancillaryServices": [
        "Extra 5kg Baggage",
        "Seat Plus"
      ],
      "shopInFlight": [
        "Luxury Watch"
      ],
      "seatNumber": [
        "4E"
      ],
      "isCheckedIn": true
    },
    {
      "id": 10386,
      "flightId": "AN001",
      "name": "James Harword",
      "passport": "PAS10998",
      "age": 34,
      "gender": "male",
      "dateOfBirth": "2020-06-10",
      "address": "Mumbai",
      "specialMeals": [
        "Tasty Noodles"
      ],
      "infants": true,
      "wheelchair": false,
      "ancillaryServices": [
        "Seat Plus"
      ],
      "shopInFlight": [
        "Luxury Watch"
      ],
      "seatNumber": [
        "1A"
      ],
      "isCheckedIn": true
    },
    {
      "id": 18835,
      "flightId": "AN002",
      "name": "Swathi",
      "passport": "PAS11223",
      "age": 28,
      "gender": "female",
      "dateOfBirth": "1990-10-17",
      "address": "",
      "specialMeals": [
        "Veg Meal"
      ],
      "infants": false,
      "wheelchair": false,
      "ancillaryServices": [
        "Seat Plus"
      ],
      "shopInFlight": [],
      "seatNumber": [
        "3A"
      ],
      "isCheckedIn": true
    },
    {
      "id": 12379,
      "flightId": "AN005",
      "name": "Bharath Patnaik",
      "passport": "",
      "age": 25,
      "gender": "male",
      "dateOfBirth": "1995-05-16",
      "address": "",
      "specialMeals": [],
      "infants": false,
      "wheelchair": false,
      "ancillaryServices": [],
      "shopInFlight": [
        "Gadgets"
      ],
      "seatNumber": [
        "2B"
      ],
      "isCheckedIn": true
    },
    {
      "id": 11174,
      "flightId": "AN005",
      "name": "rams",
      "passport": "",
      "age": 19,
      "address": "",
      "dateOfBirth": "",
      "gender": "female",
      "isCheckedIn": false,
      "infants": false,
      "wheelchair": false,
      "specialMeals": [],
      "seatNumber": [],
      "ancillaryServices": [],
      "shopInFlight": []
    },
    {
      "id": 11694,
      "flightId": "AN005",
      "name": "Haritha",
      "passport": "",
      "age": 24,
      "gender": "female",
      "dateOfBirth": "",
      "address": "Vijayawada",
      "specialMeals": [
        "Chicken Noodles"
      ],
      "infants": false,
      "wheelchair": false,
      "ancillaryServices": [
        "Extra 5kg Baggage"
      ],
      "shopInFlight": [],
      "seatNumber": [
        "4D"
      ],
      "isCheckedIn": true
    },
    {
      "id": 18196,
      "flightId": "AN004",
      "name": "Vineetha",
      "passport": "",
      "age": 23,
      "gender": "female",
      "dateOfBirth": "1997-01-10",
      "address": "Ongole",
      "specialMeals": [
        "Veg Meal"
      ],
      "infants": true,
      "wheelchair": false,
      "ancillaryServices": [
        "Fast Forward"
      ],
      "shopInFlight": [],
      "seatNumber": [
        "1C"
      ],
      "isCheckedIn": true
    },
    {
      "id": 11190,
      "flightId": "AN006",
      "name": "Monica Penubothu",
      "passport": "PAS86553",
      "age": 25,
      "gender": "female",
      "dateOfBirth": "",
      "address": "Machilipatnam",
      "specialMeals": [
        "Non-Veg Meal"
      ],
      "infants": true,
      "wheelchair": false,
      "ancillaryServices": "",
      "shopInFlight": [],
      "seatNumber": [
        "3D"
      ],
      "isCheckedIn": true
    },
    {
      "id": 15679,
      "flightId": "AN006",
      "name": "Maneesha ",
      "passport": "",
      "age": 22,
      "gender": "female",
      "dateOfBirth": "1998-06-07",
      "address": "Machilipatnam",
      "specialMeals": [
        "Chicken Biryani"
      ],
      "infants": false,
      "wheelchair": false,
      "ancillaryServices": [
        "Seat Plus"
      ],
      "shopInFlight": [],
      "seatNumber": [
        "2A"
      ],
      "isCheckedIn": true
    },
    {
      "id": 18623,
      "flightId": "AN004",
      "name": "Suchitra devi",
      "passport": "",
      "age": 19,
      "gender": "female",
      "dateOfBirth": "",
      "address": "Chennai",
      "specialMeals": "",
      "infants": false,
      "wheelchair": true,
      "ancillaryServices": [
        "Extra 5kg Baggage"
      ],
      "shopInFlight": [],
      "seatNumber": [
        "1E"
      ],
      "isCheckedIn": true
    },
    {
      "id": 18897,
      "flightId": "AN004",
      "name": "Ravi kumar",
      "passport": "",
      "age": 25,
      "address": "Guntur",
      "dateOfBirth": "",
      "gender": "male",
      "isCheckedIn": false,
      "infants": false,
      "wheelchair": false,
      "seatNumber": [],
      "ancillaryServices": [
        "Fast Forward",
        "Seat Plus"
      ],
      "specialMeals": [
        "Non-Veg Meal"
      ],
      "shopInFlight": []
    }
  ],
  "seats": [
    {
      "id": "AN001",
      "reservedSeats": [
        "1A",
        "2D",
        "2F",
        "3E",
        "4D"
      ],
      "infants": [
        "2F",
        "1A"
      ],
      "wheelchairs": [
        "3E",
        "4D"
      ]
    },
    {
      "id": "AN002",
      "reservedSeats": [
        "1D",
        "2E",
        "1A",
        "3A"
      ],
      "infants": [
        "2E"
      ],
      "wheelchairs": [
        "1A"
      ]
    },
    {
      "id": "AN003",
      "reservedSeats": [
        "2B",
        "3B",
        "1A",
        "4E"
      ],
      "infants": [
        "4E",
        "1A"
      ],
      "wheelchairs": [
        "2B"
      ]
    },
    {
      "id": "AN004",
      "reservedSeats": [
        "3B",
        "1C",
        "1E"
      ],
      "infants": [
        "1C"
      ],
      "wheelchairs": [
        "1E"
      ]
    },
    {
      "id": "AN005",
      "reservedSeats": [
        "1A",
        "3B",
        "2B",
        "4D"
      ],
      "infants": [
        "1A"
      ],
      "wheelchairs": [
        "3B"
      ]
    },
    {
      "id": "AN006",
      "reservedSeats": [
        "2C",
        "1D",
        "3D",
        "2A"
      ],
      "infants": [
        "3D",
        "2C"
      ],
      "wheelchairs": [
        "1D"
      ]
    }
  ]
}